Rubrica;Tipo;Conta para o resultado;;Sub-rubrica;Rubrica;;Atividade;;Meio;Conta
Quotas;Entrada;Sim;;Apoio CMV;Subsídios e apoios;;Funcionamento;;Caixa;Caixa
Donativos;Entrada;Sim;;Apoio UPV (via AE ESAV);Subsídios e apoios;;Zumba na Caneca 2024;;Banco;Banco
Subsídios e apoios;Entrada;Sim;;Apoio Junta de Freguesia;Subsídios e apoios;;Zumba na Caneca 2025;;MB Way;Banco
Atuações e serenatas;Entrada;Sim;;Inscrições de tunas;Inscrições e bilheteira;;Zumba na Caneca;;TPA;Banco
Inscrições e bilheteira;Entrada;Sim;;Bilheteira;Inscrições e bilheteira;;18º CITADÃO;;;
Bar e merchandising;Entrada;Sim;;Inscrições;Inscrições e bilheteira;;19º CITADÃO;;;
Patrocínios;Entrada;Sim;;Bar;Bar e merchandising;;20º CITADÃO;;;
Outros recebimentos;Entrada;Sim;;Merchandising;Bar e merchandising;;Festivais;;;
Produção (som, luz, palco);Saída;Sim;;Patrocínio do evento;Patrocínios;;;;;
Alimentação e alojamento;Saída;Sim;;Outros;Outros recebimentos;;;;;
Compras para o bar;Saída;Sim;;Som e luz;Produção (som, luz, palco);;;;;
Deslocações;Saída;Sim;;Palco e estruturas;Produção (som, luz, palco);;;;;
Prémios e troféus;Saída;Sim;;Refeições das tunas;Alimentação e alojamento;;;;;
Instrumentos e manutenção;Saída;Sim;;Alojamento;Alimentação e alojamento;;;;;
Merchandising e trajes;Saída;Sim;;Bebidas e consumíveis;Compras para o bar;;;;;
Comunicação e gráfica;Saída;Sim;;Prémios;Prémios e troféus;;;;;
Seguros e despesas bancárias;Saída;Sim;;Júri;Prémios e troféus;;;;;
Taxas e licenças;Saída;Sim;;T-shirts;Merchandising e trajes;;;;;
Outros pagamentos;Saída;Sim;;Cartazes e impressões;Comunicação e gráfica;;;;;
Transferências internas;;Não;;Seguro;Seguros e despesas bancárias;;;;;
;;;;Despesas bancárias;Seguros e despesas bancárias;;;;;
;;;;Licenças e SPA;Taxas e licenças;;;;;
;;;;Diversos;Outros pagamentos;;;;;
;;;;Outros;Outros pagamentos;;;;;
