Âmbito;Tipo;Rubrica;Sub-rubrica;Orçado (€)
20º CITADÃO;Entrada;Inscrições e bilheteira;Inscrições de tunas;2 400,00 €
20º CITADÃO;Entrada;Inscrições e bilheteira;Bilheteira;3 500,00 €
20º CITADÃO;Entrada;Bar e merchandising;Bar;5 800,00 €
20º CITADÃO;Entrada;Bar e merchandising;Merchandising;800,00 €
20º CITADÃO;Entrada;Patrocínios;;3 000,00 €
20º CITADÃO;Entrada;Subsídios e apoios;Apoio CMV;2 500,00 €
20º CITADÃO;Entrada;Subsídios e apoios;Apoio UPV;1 500,00 €
20º CITADÃO;Entrada;Subsídios e apoios;Apoio Junta;500,00 €
20º CITADÃO;Saída;Produção (som, luz, palco);Som e luz;3 600,00 €
20º CITADÃO;Saída;Produção (som, luz, palco);Palco e estruturas;1 200,00 €
20º CITADÃO;Saída;Alimentação e alojamento;Refeições das tunas;3 000,00 €
20º CITADÃO;Saída;Alimentação e alojamento;Alojamento;1 800,00 €
20º CITADÃO;Saída;Compras para o bar;;2 700,00 €
20º CITADÃO;Saída;Prémios e troféus;;900,00 €
20º CITADÃO;Saída;Prémios e troféus;Júri;400,00 €
20º CITADÃO;Saída;Comunicação e gráfica;;600,00 €
20º CITADÃO;Saída;Taxas e licenças;Licenças e SPA;300,00 €
20º CITADÃO;Saída;Seguros e despesas bancárias;Seguro;185,00 €
20º CITADÃO;Saída;Merchandising e trajes;T-shirts;650,00 €
20º CITADÃO;Saída;Outros pagamentos;Diversos;200,00 €
2025;Entrada;Quotas;;1 200,00 €
2025;Entrada;Donativos;;800,00 €
2025;Entrada;Subsídios e apoios;;4 500,00 €
2025;Entrada;Atuações e serenatas;;3 600,00 €
2025;Entrada;Inscrições e bilheteira;;6 000,00 €
2025;Entrada;Bar e merchandising;;5 500,00 €
2025;Entrada;Patrocínios;;2 500,00 €
2025;Entrada;Outros recebimentos;;100,00 €
2025;Saída;Produção (som, luz, palco);;6 200,00 €
2025;Saída;Alimentação e alojamento;;4 600,00 €
2025;Saída;Compras para o bar;;3 000,00 €
2025;Saída;Deslocações;;3 000,00 €
2025;Saída;Prémios e troféus;;800,00 €
2025;Saída;Instrumentos e manutenção;;900,00 €
2025;Saída;Merchandising e trajes;;1 300,00 €
2025;Saída;Comunicação e gráfica;;600,00 €
2025;Saída;Seguros e despesas bancárias;;420,00 €
2025;Saída;Taxas e licenças;;400,00 €
2025;Saída;Outros pagamentos;;150,00 €
